<?xml version="1.0" encoding="UTF-8"?>
<?xml-stylesheet type="text/xsl" href="questionSheet.xsl"?>
<questions>
	<question>
		<title>Question 1</title>
		<question-info><text>What is XML?</text></question-info>
		<answer>Xtensible Markup Language</answer>	
	</question>
	
	<question>
		<title>Question 2</title>
		<question-info><text>What is JDBC?</text></question-info>
		<answer>Java Database Connectivity</answer>
	</question>
	
	<question>
		<title>Question 3</title>
		<question-info><text>What is HTML?</text></question-info>
		<answer>Hyper Text Markup Language</answer>
	</question>
</questions>