<html>
    <body>
        <h2>My Question Collection</h2>
        <table border="1">
            <tr bgcolor="#9acd32">
                <th>Question No</th><th>Question</th><th>Answer</th>
            </tr>
            <tr>
                <td>Question 1</td><td>What is XML?</td><td>Xtensible Markup Language</td>
            </tr>
            <tr>
                <td>Question 2</td><td>What is JDBC?</td><td>Java Database Connectivity</td>
            </tr>
            <tr>
                <td>Question 3</td><td>What is HTML?</td><td>Hyper Text Markup Language</td>
            </tr>
        </table>
    </body>
</html>
